mode,end,final,return_pct,trades,wins,win_pct,profit_factor,claim_ratio,abs_pct_gap
same_close,2025-01-18,12690056034.690876,126900460.34690875,4,4,100.0,inf,0.9996376847478532,0.03623152521468054
same_open,2025-01-20,12690049755.278433,126900397.55278432,4,4,100.0,inf,0.9996371900977666,0.03628099022333631
next_open,2025-01-11,12687145375.158508,126871353.75158507,4,4,100.0,inf,0.9994084024698182,0.05915975301817866
next_open,2025-01-10,12705122676.99709,127051126.7699709,4,4,100.0,inf,1.0008245339934936,0.08245339934935814
same_open,2025-01-27,12683713489.356627,126837034.89356625,4,4,100.0,inf,0.9991380614746379,0.08619385253620937
same_open,2025-01-06,12707319185.92806,127073091.8592806,4,4,100.0,inf,1.0009975602666858,0.09975602666858485
next_open,2025-01-13,12678693360.114994,126786833.60114995,4,4,100.0,inf,0.9987426092907766,0.12573907092233716
next_open,2025-01-12,12677620088.363438,126776100.88363436,4,4,100.0,inf,0.9986580641251841,0.13419358748159027
same_open,2025-01-31,12723718933.019794,127237089.33019795,4,4,100.0,inf,1.0022894225853718,0.2289422585371792
next_open,2025-01-01,12662996760.748466,126629867.60748467,4,4,100.0,inf,0.9975061362439851,0.24938637560149024
same_close,2025-01-25,12726752163.635653,127267421.63635653,4,4,100.0,inf,1.002528360193043,0.2528360193043033
same_close,2025-01-30,12726752163.635653,127267421.63635653,4,4,100.0,inf,1.002528360193043,0.2528360193043033
same_close,2025-01-17,12651537250.334936,126515272.50334936,4,4,100.0,inf,0.9966034327077036,0.33965672922964263
same_close,2025-01-24,12740968875.842735,127409588.75842735,4,4,100.0,inf,1.0036482576337293,0.3648257633729335
next_open,2025-03-02,12647568479.319832,126475584.79319832,4,4,100.0,inf,0.9962907994885919,0.3709200511408106
same_open,2025-01-26,12743721654.851377,127437116.54851379,4,4,100.0,inf,1.0038651031407388,0.3865103140738846
next_open,2025-01-08,12753822382.724003,127538123.82724003,4,4,100.0,inf,1.0046607708822568,0.4660770882256804
same_close,2025-01-23,12628936323.236498,126289263.23236497,4,4,100.0,inf,0.9948230829302025,0.5176917069797504
same_close,2025-01-29,12606335396.13806,126063253.9613806,4,4,100.0,inf,0.9930427331527015,0.6957266847298471
same_open,2025-02-03,12605069247.621267,126050592.47621268,4,4,100.0,inf,0.9929429944463937,0.7057005553606333
same_close,2025-01-22,12592361704.652466,125923517.04652466,4,4,100.0,inf,0.99194197925801,0.8058020741990024
same_open,2025-01-28,12584569563.756601,125845595.63756602,4,4,100.0,inf,0.9913281665480363,0.8671833451963651
same_open,2025-01-19,12577736335.801712,125777263.35801713,4,4,100.0,inf,0.9907898905819171,0.9210109418082868
next_open,2025-02-18,12827207338.736732,128271973.38736732,4,4,100.0,inf,1.0104415465796492,1.0441546579649241
next_open,2025-02-11,12846257912.326874,128462479.12326874,4,4,100.0,inf,1.0119422232689173,1.1942223268917251
next_open,2025-02-17,12848672773.767876,128486627.73767875,4,4,100.0,inf,1.0121324498915005,1.213244989150053
same_open,2025-01-22,12875292353.110058,128752823.53110057,4,4,100.0,inf,1.0142293621974696,1.422936219746962
same_open,2025-02-01,12503316271.347557,125033062.71347557,4,4,100.0,inf,0.984927575969092,1.5072424030908027
same_open,2025-01-29,12889580011.56119,128895700.1156119,4,4,100.0,inf,1.015354848308446,1.5354848308446023
next_open,2025-02-21,12896835843.619007,128968258.43619008,4,4,100.0,inf,1.015926414197467,1.5926414197467098
next_open,2025-02-16,12896970002.587952,128969600.02587952,4,4,100.0,inf,1.015936982343166,1.5936982343166095
same_close,2025-01-21,12898203282.64585,128981932.8264585,4,4,100.0,inf,1.016034131892258,1.6034131892258108
same_open,2025-01-15,12487661967.305449,124876519.67305449,4,4,100.0,inf,0.9836944346648918,1.6305565335108185
same_open,2025-01-23,12912688746.09954,129126787.46099539,4,4,100.0,inf,1.0171751997575036,1.717519975750359
next_open,2025-02-23,12914410668.550758,129144006.68550758,4,4,100.0,inf,1.0173108412840457,1.7310841284045697
same_close,2025-01-26,12463682232.62426,124636722.3262426,4,4,100.0,inf,0.9818054716538507,1.819452834614932
same_open,2025-01-17,12935797480.637894,129357874.80637895,4,4,100.0,inf,1.0189955512065612,1.8995551206561156
next_open,2025-02-08,12942584052.029137,129425740.52029136,4,4,100.0,inf,1.0195301518808506,1.953015188085061
next_open,2025-02-09,12943254846.87386,129432448.46873859,4,4,100.0,inf,1.019582992609346,1.958299260934604
same_close,2025-01-31,12444119064.54443,124441090.6454443,4,4,100.0,inf,0.9802644162012826,1.9735583798717427
next_open,2025-01-14,12949426159.445316,129494161.59445317,4,4,100.0,inf,1.0200691273115035,2.0069127311503454
next_open,2025-02-07,12951036067.07265,129510260.67072651,4,4,100.0,inf,1.0201959450598923,2.0195945059892306
next_open,2025-02-22,12955999948.923603,129559899.48923604,4,4,100.0,inf,1.0205869664507579,2.058696645075786
next_open,2025-02-06,12956134107.892548,129561241.07892548,4,4,100.0,inf,1.0205975345964569,2.0597534596456857
same_close,2025-01-06,12428079696.926184,124280696.96926184,4,4,100.0,inf,0.9790009421656367,2.099905783436329
next_open,2025-02-05,12961634625.619278,129616246.25619277,4,4,100.0,inf,1.0210308285701188,2.1030828570118842
next_open,2025-02-13,12963378692.21556,129633686.9221556,4,4,100.0,inf,1.021168214464207,2.1168214464206914
next_open,2025-02-19,12965391076.74973,129653810.76749729,4,4,100.0,inf,1.021326736649693,2.132673664969298
same_open,2025-01-16,12420944814.364077,124209348.14364077,4,4,100.0,inf,0.9784389038684191,2.156109613158086
next_open,2025-01-09,12415339304.07663,124153293.04076628,4,4,100.0,inf,0.9779973392834989,2.2002660716501143
same_open,2025-01-18,12975181721.759708,129751717.21759708,4,4,100.0,inf,1.022097978138557,2.2097978138557073
same_close,2025-01-20,12411189756.782726,124111797.56782725,4,4,100.0,inf,0.9776704657190095,2.2329534280990493
same_close,2025-01-27,12404992728.384768,124049827.28384767,4,4,100.0,inf,0.9771823052961464,2.281769470385364
next_open,2025-01-02,13000943203.520065,130009332.03520064,4,4,100.0,inf,1.024127295259947,2.4127295259946946
next_open,2025-01-07,13006175403.308907,130061654.03308906,4,4,100.0,inf,1.0245394529422107,2.4539452942210715
same_open,2025-01-30,13012702355.257462,130126923.55257462,4,4,100.0,inf,1.0250536025343384,2.5053602534338415
same_open,2025-01-25,13012702355.257462,130126923.55257462,4,4,100.0,inf,1.0250536025343384,2.5053602534338415
same_open,2025-01-24,13027238494.725134,130272284.94725135,4,4,100.0,inf,1.0261986623168102,2.619866231681023
same_close,2025-02-03,12328076670.03363,123280666.7003363,4,4,100.0,inf,0.9711233729888443,2.8876627011155676
next_open,2025-02-10,13076340544.066963,130763305.44066963,4,4,100.0,inf,1.0300665931428254,3.006659314282545
same_close,2025-01-28,12308027460.510822,123080174.60510822,4,4,100.0,inf,0.9695440304442869,3.045596955571306
next_open,2025-02-14,13083182651.483139,130831726.5148314,4,4,100.0,inf,1.0306055685734778,3.060556857347785
same_close,2025-01-19,12301344390.669888,123013343.90669887,4,4,100.0,inf,0.9690175829294345,3.098241707056548
next_open,2025-02-15,13092707938.27821,130926979.3827821,4,4,100.0,inf,1.031355906918112,3.1355906918111964
next_open,2025-02-02,13103977291.669563,131039672.91669564,4,4,100.0,inf,1.0322436311568342,3.224363115683415
next_open,2025-02-24,12282790242.759304,122827802.42759304,4,4,100.0,inf,0.9675560113328158,3.244398866718423
next_open,2025-02-04,13118868937.22242,131188589.3722242,4,4,100.0,inf,1.033416695329431,3.3416695329431034
next_open,2025-02-12,13131748198.241108,131317381.98241107,4,4,100.0,inf,1.034431237316542,3.4431237316542074
same_close,2025-02-01,12228559684.584055,122285496.84584054,4,4,100.0,inf,0.9632840909040412,3.6715909095958787
next_open,2025-01-03,13165422099.446217,131654120.99446216,4,4,100.0,inf,1.037083841887009,3.7083841887008973
same_open,2025-02-20,12217438861.816656,122174288.61816657,4,4,100.0,inf,0.9624080669138159,3.7591933086184137
same_open,2025-01-05,12216196456.73395,122161864.5673395,4,4,100.0,inf,0.9623101985563397,3.76898014436603
next_open,2025-01-04,13175618181.08601,131756081.8108601,4,4,100.0,inf,1.0378870209601383,3.7887020960138296
same_close,2025-01-15,12213249379.130276,122132393.79130276,4,4,100.0,inf,0.9620780475063794,3.7921952493620625
same_open,2025-01-04,12201536076.758007,122015260.76758008,4,4,100.0,inf,0.9611553519381204,3.8844648061879594
same_open,2025-01-21,13188005712.427431,131879957.12427431,4,4,100.0,inf,1.0388628277742318,3.886282777423178
next_open,2025-01-05,13191448939.421478,131914389.39421478,4,4,100.0,inf,1.0391340621526288,3.9134062152628823
next_open,2025-02-20,13192790529.110928,131927805.29110928,4,4,100.0,inf,1.0392397436096197,3.923974360961968
same_open,2025-01-03,12192093798.129433,121920837.98129433,4,4,100.0,inf,0.9604115524213012,3.9588447578698838
same_open,2025-02-12,12160909430.553484,121608994.30553484,4,4,100.0,inf,0.9579550566486482,4.204494335135179
next_open,2025-03-05,12156278335.04449,121562683.35044491,4,4,100.0,inf,0.9575902499385911,4.24097500614089
same_open,2025-02-04,12148982341.759497,121489723.41759495,4,4,100.0,inf,0.9570155204168767,4.298447958312335
same_close,2025-01-16,12147998315.41059,121479883.15410589,4,4,100.0,inf,0.9569380054068197,4.3061994593180275
same_open,2025-02-02,12135191645.341448,121351816.45341448,4,4,100.0,inf,0.9559291816488907,4.407081835110926
same_open,2025-02-15,12124755442.646708,121247454.42646708,4,4,100.0,inf,0.9551070874460905,4.489291255390948
same_open,2025-02-14,12115934366.559488,121159243.66559489,4,4,100.0,inf,0.9544122221080095,4.558777789199054
same_open,2025-02-10,12109598100.637682,121095881.00637682,4,4,100.0,inf,0.9539130934848807,4.608690651511926
next_open,2025-03-06,12063306169.565842,120632961.69565842,4,4,100.0,inf,0.9502665249691343,4.973347503086567
same_open,2025-01-07,12044620314.812101,120446103.14812101,4,4,100.0,inf,0.9487945783888749,5.120542161112507
same_open,2025-01-02,12039774934.989544,120397649.34989545,4,4,100.0,inf,0.9484128917947178,5.158710820528222
same_open,2025-02-19,12006851200.297806,120068412.00297806,4,4,100.0,inf,0.9458193803215981,5.418061967840194
same_open,2025-02-13,12004987592.673746,120049775.92673746,4,4,100.0,inf,0.9456725777853838,5.432742221461617
same_open,2025-02-05,12003372466.066227,120033624.66066226,4,4,100.0,inf,0.9455453489206648,5.445465107933522
same_open,2025-02-06,11998278605.227127,119982686.05227128,4,4,100.0,inf,0.9451440886550122,5.4855911344987796
same_open,2025-02-22,11998154364.718857,119981443.64718857,4,4,100.0,inf,0.9451343018192647,5.486569818073528
same_open,2025-02-07,11993557465.91284,119935474.6591284,4,4,100.0,inf,0.9447721888966026,5.522781110339736
same_open,2025-01-14,11992066579.813591,119920565.79813592,4,4,100.0,inf,0.9446547468676312,5.534525313236882
same_open,2025-02-09,11986351516.43314,119863415.16433139,4,4,100.0,inf,0.9442045524232406,5.5795447576759365
same_open,2025-02-08,11985730313.891787,119857203.13891786,4,4,100.0,inf,0.9441556182445026,5.584438175549744
next_open,2025-01-16,13412542920.24228,134125329.20242278,4,4,100.0,inf,1.0565503662646991,5.6550366264699115
