pre_days,post_days,final,return_pct,trades,wins,win_pct,profit_factor
670,488,5579222781.305604,55792127.813056044,4,4,100.0,inf
670,498,4500389316.40759,45003793.164075896,4,4,100.0,inf
670,508,9018845062.42596,90188350.6242596,4,4,100.0,inf
670,518,14316595559.820135,143165855.59820133,4,4,100.0,inf
670,528,19143229467.40874,191432194.6740874,4,4,100.0,inf
670,538,16355744035.501623,163557340.35501623,4,4,100.0,inf
670,548,22970677453.968555,229706674.53968558,4,4,100.0,inf
670,558,16637041491.852692,166370314.91852692,4,4,100.0,inf
670,568,15021247425.971107,150212374.2597111,4,4,100.0,inf
670,578,8157359761.099213,81573497.61099212,4,4,100.0,inf
670,588,12307305062.765213,123072950.62765214,4,4,100.0,inf
670,598,11919331834.53651,119193218.3453651,4,4,100.0,inf
670,608,8597008411.81193,85969984.1181193,4,4,100.0,inf
680,488,4945516469.760091,49455064.69760091,4,4,100.0,inf
680,498,3989220426.7594676,39892104.26759468,4,4,100.0,inf
680,508,7994455239.158681,79944452.39158681,4,4,100.0,inf
680,518,12690469964.60247,126904599.6460247,4,4,100.0,inf
680,528,16968879058.332197,169688690.58332196,4,4,100.0,inf
680,538,14498005308.872961,144979953.08872962,4,4,100.0,inf
680,548,20361593025.250027,203615830.25250027,4,4,100.0,inf
680,558,14747352083.113136,147473420.83113134,4,4,100.0,inf
680,568,13315085174.658903,133150751.74658903,4,4,100.0,inf
680,578,7230820246.764514,72308102.46764514,4,4,100.0,inf
680,588,10909401232.410316,109093912.32410315,4,4,100.0,inf
680,598,10565495268.221159,105654852.6822116,4,4,100.0,inf
680,608,7620532170.492127,76205221.70492128,4,4,100.0,inf
690,488,4447840580.247182,44478305.80247182,4,4,100.0,inf
690,498,3587778264.6536174,35877682.64653617,4,4,100.0,inf
690,508,7189959359.578192,71899493.59578192,4,4,100.0,inf
690,518,11413405988.253656,114133959.88253656,4,4,100.0,inf
690,528,15261271363.356287,152612613.6335629,4,4,100.0,inf
690,538,13039045919.621096,130390359.19621095,4,4,100.0,inf
690,548,18312570646.555428,183125606.4655543,4,4,100.0,inf
690,558,13263300496.023907,132632904.96023907,4,4,100.0,inf
690,568,11975165087.695778,119751550.87695779,4,4,100.0,inf
690,578,6503170279.320153,65031602.793201536,4,4,100.0,inf
690,588,9811569287.942764,98115592.87942764,4,4,100.0,inf
690,598,9502271176.681238,95022611.76681238,4,4,100.0,inf
690,608,6853664817.061723,68536548.17061722,4,4,100.0,inf
700,488,4234411038.438068,42344010.384380676,4,4,100.0,inf
700,498,3415618795.9580994,34156087.959580995,4,4,100.0,inf
700,508,6844949302.662969,68449393.02662969,4,4,100.0,inf
700,518,10865733928.833977,108657239.28833976,4,4,100.0,inf
700,528,14528959560.417376,145289495.60417375,4,4,100.0,inf
700,538,12413367560.416489,124133575.60416488,4,4,100.0,inf
700,548,17433842308.179558,174338323.08179557,4,4,100.0,inf
700,558,12626861285.429344,126268512.85429344,4,4,100.0,inf
700,568,11400537029.058525,114005270.29058526,4,4,100.0,inf
700,578,6191115782.766049,61911057.8276605,4,4,100.0,inf
700,588,9340761330.739042,93407513.30739042,4,4,100.0,inf
700,598,9046304883.196787,90462948.83196788,4,4,100.0,inf
700,608,6524791847.082786,65247818.47082785,4,4,100.0,inf
710,488,4290560358.131806,42905503.58131806,4,4,100.0,inf
710,498,3460910731.480008,34609007.31480008,4,4,100.0,inf
710,508,6935714994.324407,69357049.94324405,4,4,100.0,inf
710,518,11009816202.033005,110098062.02033004,4,4,100.0,inf
710,528,14721617095.968338,147216070.9596834,4,4,100.0,inf
710,538,12577971831.777641,125779618.31777641,4,4,100.0,inf
710,548,17665019295.10081,176650092.9510081,4,4,100.0,inf
710,558,12794296535.481405,127942865.35481405,4,4,100.0,inf
710,568,11551710921.369427,115517009.21369427,4,4,100.0,inf
710,578,6273211483.016187,62732014.83016186,4,4,100.0,inf
710,588,9464622096.588558,94646120.96588558,4,4,100.0,inf
710,598,9166261084.973793,91662510.84973794,4,4,100.0,inf
710,608,6611312173.057585,66113021.73057585,4,4,100.0,inf
720,488,3913519563.6568604,39135095.636568606,4,4,100.0,inf
720,498,3156776906.784841,31567669.06784841,4,4,100.0,inf
720,508,6326226425.598033,63262164.255980335,4,4,100.0,inf
720,518,10042308580.337374,100422985.80337374,4,4,100.0,inf
720,528,13427928220.271751,134279182.2027175,4,4,100.0,inf
720,538,11472659682.200544,114726496.82200544,4,4,100.0,inf
720,548,16112673598.153166,161126635.98153165,4,4,100.0,inf
720,558,11669974459.148598,116699644.59148599,4,4,100.0,inf
720,568,10536583315.698238,105365733.15698239,4,4,100.0,inf
720,578,5721941615.204407,57219316.15204407,4,4,100.0,inf
720,588,8632901217.06766,86328912.17067659,4,4,100.0,inf
720,598,8360759221.961161,83607492.2196116,4,4,100.0,inf
720,608,409683241.3428634,4096732.413428634,3,3,100.0,inf
730,488,3337109514.2587533,33370995.14258753,4,4,100.0,inf
730,498,2691825115.135079,26918151.151350785,4,4,100.0,inf
730,508,5394456332.931057,53944463.32931057,4,4,100.0,inf
730,518,8563208376.362811,85631983.76362811,4,4,100.0,inf
730,528,11450170694.631922,114501606.94631922,4,4,100.0,inf
730,538,9782887540.633524,97828775.40633523,4,4,100.0,inf
730,548,13739488327.560413,137394783.27560413,4,4,100.0,inf
730,558,9951140441.570072,99511304.41570072,4,4,100.0,inf
730,568,8984682932.756548,89846729.32756548,4,4,100.0,inf
730,578,4879174741.18598,48791647.411859795,4,4,100.0,inf
730,588,7361388212.970345,73613782.12970345,4,4,100.0,inf
730,598,415972895.6322295,4159628.9563222947,3,3,100.0,inf
730,608,343709163.8118021,3436991.6381180207,3,3,100.0,inf
740,488,2136554991.8589258,21365449.918589257,4,4,100.0,inf
740,498,1723417335.385398,17234073.35385398,4,4,100.0,inf
740,508,3453753182.8795652,34537431.82879566,4,4,100.0,inf
740,518,5482518785.99496,54825087.859949596,4,4,100.0,inf
740,528,7330870998.006968,73308609.98006967,4,4,100.0,inf
740,538,6263407634.788928,62633976.34788929,4,4,100.0,inf
740,548,8796586460.950197,87965764.60950197,4,4,100.0,inf
740,558,6371130073.580564,63711200.73580564,4,4,100.0,inf
740,568,5752364160.729264,57523541.60729265,4,4,100.0,inf
740,578,3123848679.4906483,31238386.794906482,4,4,100.0,inf
740,588,271719751.67993265,2717097.5167993265,3,3,100.0,inf
740,598,276308963.49344236,2762989.6349344235,3,3,100.0,inf
740,608,228307958.98779368,2282979.589877937,3,3,100.0,inf
750,488,2657284790.2367907,26572747.902367905,4,4,100.0,inf
750,498,2143455558.1298244,21434455.581298243,4,4,100.0,inf
750,508,4295515836.038804,42955058.36038804,4,4,100.0,inf
750,518,6818740373.041534,68187303.73041534,4,4,100.0,inf
750,528,9117580439.735378,91175704.39735378,4,4,100.0,inf
750,538,7789950601.035861,77899406.0103586,4,4,100.0,inf
750,548,10940525985.876083,109405159.85876085,4,4,100.0,inf
750,558,7923927587.005775,79239175.87005776,4,4,100.0,inf
750,568,7154353550.6706915,71543435.50670692,4,4,100.0,inf
750,578,302091239.89946026,3020812.3989946027,3,3,100.0,inf
750,588,311542480.18229663,3115324.8018229664,3,3,100.0,inf
750,598,316804278.1252994,3167942.7812529937,3,3,100.0,inf
750,608,261768337.96093997,2617583.3796093995,3,3,100.0,inf
760,488,3706990248.543875,37069802.48543875,4,4,100.0,inf
760,498,2990183393.7288976,29901733.937288977,4,4,100.0,inf
760,508,5992370624.016818,59923606.24016818,4,4,100.0,inf
760,518,9512342885.899317,95123328.85899317,4,4,100.0,inf
760,528,12719292228.13999,127192822.2813999,4,4,100.0,inf
760,538,10867209649.781343,108671996.49781343,4,4,100.0,inf
760,548,15262354751.2081,152623447.512081,4,4,100.0,inf
760,558,11054111476.166122,110541014.76166123,4,4,100.0,inf
760,568,553919852.6926402,5539098.526926402,3,3,100.0,inf
760,578,463247330.77757525,4632373.307775753,3,3,100.0,inf
760,588,477740507.85552895,4777305.07855529,3,3,100.0,inf
760,598,485809308.03986454,4857993.080398645,3,3,100.0,inf
760,608,401413440.1343305,4014034.401343305,3,3,100.0,inf
770,488,8197805719.308527,81977957.19308527,4,4,100.0,inf
770,498,6612626654.877482,66126166.54877482,4,4,100.0,inf
770,508,13251799136.260944,132517891.36260943,4,4,100.0,inf
770,518,21036024830.30007,210360148.30300072,4,4,100.0,inf
770,528,28128017497.31076,281280074.9731076,4,4,100.0,inf
770,538,24032238405.508675,240322284.05508673,4,4,100.0,inf
770,548,33751860857.6638,337518508.576638,4,4,100.0,inf
770,558,1359229427.2617986,13592194.272617986,3,3,100.0,inf
770,568,1185771359.7662866,11857613.597662866,3,3,100.0,inf
770,578,991669489.1039183,9916594.891039183,3,3,100.0,inf
770,588,1022694905.8813066,10226849.058813065,3,3,100.0,inf
770,598,1039967715.512073,10399577.15512073,3,3,100.0,inf
770,608,859302222.9168288,8592922.229168288,3,3,100.0,inf
780,488,8087111798.079278,80871017.98079278,4,4,100.0,inf
780,498,6523337203.636967,65233272.03636967,4,4,100.0,inf
780,508,13072861788.882725,130728517.88882725,4,4,100.0,inf
780,518,20751978079.831562,207519680.79831564,4,4,100.0,inf
780,528,27748208477.7034,277481984.777034,4,4,100.0,inf
780,538,23707734166.6785,237077241.66678503,4,4,100.0,inf
780,548,1096508350.70234,10964983.5070234,3,3,100.0,inf
780,558,1055058760.8692015,10550487.608692015,3,3,100.0,inf
780,568,920417433.8908296,9204074.338908296,3,3,100.0,inf
780,578,769752009.0287555,7697420.090287556,3,3,100.0,inf
780,588,793834505.4227195,7938245.054227196,3,3,100.0,inf
780,598,807241976.4208115,8072319.764208116,3,3,100.0,inf
780,608,667006114.1548243,6669961.141548243,3,3,100.0,inf
790,488,15101177808.75943,151011678.0875943,4,4,100.0,inf
790,498,12181119474.818424,121811094.74818425,4,4,100.0,inf
790,508,24411139016.297745,244111290.16297743,4,4,100.0,inf
790,518,38750461065.8954,387504510.65895396,4,4,100.0,inf
790,528,51814620665.42055,518146106.65420544,4,4,100.0,inf
790,538,1350118964.681863,13501089.646818632,3,3,100.0,inf
790,548,1814123006.19274,18141130.0619274,3,3,100.0,inf
790,558,1745546552.155354,17455365.52155354,3,3,100.0,inf
790,568,1522788623.5911689,15227786.23591169,3,3,100.0,inf
790,578,1273519556.6433249,12735095.566433249,3,3,100.0,inf
790,588,1313362947.4637048,13133529.474637048,3,3,100.0,inf
790,598,1335544996.1247308,13355349.96124731,3,3,100.0,inf
790,608,1103531164.3403661,11035211.64340366,3,3,100.0,inf
